{"cameraMode":{"drawMode":0,"name":"Shaded","section":"Shading Mode"},"sceneLighting":false,"audioPlay":false,"sceneViewState":{"showFog":true,"showMaterialUpdate":false,"showSkybox":false,"showFlares":true,"showImageEffects":true,"showParticleSystems":true},"in2DMode":false,"pivot":{"x":-0.050000011920928958,"y":0.004049509763717651,"z":7.979448318481445},"rotation":{"x":-0.3929014205932617,"y":0.010204519145190716,"z":-0.00436042295768857,"w":-0.9195175170898438},"size":0.9602179527282715,"orthographic":false}